Handle,Title,Body (HTML),Vendor,Product Category,Type,Tags,Published,Option1 Name,Option1 Value,Option2 Name,Option2 Value,Variant SKU,Variant Grams,Variant Inventory Tracker,Variant Inventory Policy,Variant Fulfillment Service,Variant Price,Variant Compare At Price,Variant Requires Shipping,Variant Taxable,Image Src,Image Position,SEO Title,SEO Description,Cost per item,Status
bow-tie-collar,Bow Tie Collar,"<p>A plaid bow tie on a proper safety collar — breakaway buckle, bell, and an elastic adjustable strap.</p><ul><li>Breakaway safety buckle — releases under pressure</li><li>Plaid bow tie with bell</li><li>Elastic, adjustable neck strap</li><li>Available in a range of plaid colourways (red, blue, green, pink, white and more)</li><li>Made for cats and small dogs</li></ul><p><b>Fit:</b> Adjustable elastic strap. Fits most adult cats.</p><p><b>In the box:</b> 1 × collar with bow tie and bell</p><p><b>Care:</b> Spot clean. Wipe the buckle; do not machine wash.</p>",Catwalk Club,Animals & Pet Supplies > Pet Supplies > Cat Supplies > Cat Apparel,Collar,"Everyday,single,cats,small dogs,Bestseller",TRUE,Colour,Red tartan,,,BOW-TIE-COLLAR-RED,,shopify,deny,manual,8.99,10.99,TRUE,TRUE,,,Bow Tie Collar — Breakaway bow tie collar for cats & small dogs,"Breakaway bow tie collar for cats & small dogs. A plaid bow tie on a proper safety collar — breakaway buckle, bell, and an elastic adjustable strap.",1.03,draft
bow-tie-collar,,,,,,,,Colour,Blue tartan,,,BOW-TIE-COLLAR-BLUE,,shopify,deny,manual,8.99,10.99,TRUE,TRUE,,,,,1.03,draft
bow-tie-collar,,,,,,,,Colour,Green tartan,,,BOW-TIE-COLLAR-GREEN,,shopify,deny,manual,8.99,10.99,TRUE,TRUE,,,,,1.03,draft
bandana,Bandana Collar,"<p>A paisley bandana mounted on a buckle collar — no tying, just clip it on. Dispatched from UK stock.</p><ul><li>Bandana fixed to an adjustable buckle collar</li><li>Paisley print — pink, red, blue or black</li><li>Washable</li><li>Dispatched from UK stock</li><li>Made for cats and small dogs</li></ul><p><b>Fit:</b> Buckle collar with three sizes. Size S suits most cats.</p><p><b>In the box:</b> 1 × bandana collar</p><p><b>Care:</b> Machine wash cool inside a wash bag. Hang dry.</p>",Catwalk Club,Animals & Pet Supplies > Pet Supplies > Cat Supplies > Cat Apparel,Collar,"Everyday,single,cats,small dogs,UK stock",TRUE,Size,S,,,BANDANA-S,,shopify,deny,manual,7.99,9.49,TRUE,TRUE,,,Bandana Collar — Buckle bandana collar for cats & small dogs · UK stock,"Buckle bandana collar for cats & small dogs · UK stock. A paisley bandana mounted on a buckle collar — no tying, just clip it on. Dispatched from UK stock.",2.25,draft
bandana,,,,,,,,Size,M,,,BANDANA-M,,shopify,deny,manual,7.99,9.49,TRUE,TRUE,,,,,2.25,draft
bandana,,,,,,,,Size,L,,,BANDANA-L,,shopify,deny,manual,7.99,9.49,TRUE,TRUE,,,,,2.25,draft
lion-mane,Lion Mane,"<p>The classic. A full faux-fur mane with little round ears that turns any cat into the king of the living room.</p><ul><li>Full lion mane with round ears</li><li>Faux fur (imitation hair) — no real fur</li><li>Velcro fastening</li><li>Face, eyes and mouth stay completely clear</li><li>Made for cats and small dogs; for Halloween, Christmas and parties</li></ul><p><b>Fit:</b> Three sizes, velcro under the chin. Runs big — between sizes, take the smaller.</p><p><b>In the box:</b> 1 × lion mane</p><p><b>Care:</b> Hand wash cold. Air dry flat. Do not tumble dry.</p>",Catwalk Club,Animals & Pet Supplies > Pet Supplies > Cat Supplies > Cat Apparel,Costume,"Halloween,single,cats,small dogs,Bestseller",TRUE,Size,S,,,LION-MANE-S,,shopify,deny,manual,9.99,11.99,TRUE,TRUE,,,Lion Mane — Lion mane costume for cats & small dogs,Lion mane costume for cats & small dogs. The classic. A full faux-fur mane with little round ears that turns any cat into the king of the living room.,3.98,draft
lion-mane,,,,,,,,Size,M,,,LION-MANE-M,,shopify,deny,manual,9.99,11.99,TRUE,TRUE,,,,,3.98,draft
lion-mane,,,,,,,,Size,L,,,LION-MANE-L,,shopify,deny,manual,9.99,11.99,TRUE,TRUE,,,,,3.98,draft
bat-cape,Devil Bat Cape,"<p>A red-and-black satin cape with bat wings, a bow at the collar, and a little devil-horn hood to match.</p><ul><li>Double-layer satin — soft against the skin</li><li>Red-winged bat cape with devil-theme trim</li><li>Matching devil-horn hood included</li><li>Bow tie at the collar</li><li>Adjustable neck fastening; wear-resistant fabric</li></ul><p><b>Fit:</b> Three sizes. Adjustable at the neck.</p><p><b>In the box:</b> 1 × winged cape; 1 × devil-horn hood</p><p><b>Care:</b> Hand wash cold. Hang dry. Cool iron on the reverse if needed.</p>",Catwalk Club,Animals & Pet Supplies > Pet Supplies > Cat Supplies > Cat Apparel,Costume,"Halloween,single,cats,small dogs,Halloween",TRUE,Size,S,,,BAT-CAPE-S,,shopify,deny,manual,12.99,15.49,TRUE,TRUE,,,Devil Bat Cape — Devil bat cape costume for cats & small dogs,"Devil bat cape costume for cats & small dogs. A red-and-black satin cape with bat wings, a bow at the collar, and a little devil-horn hood to match.",4.30,draft
bat-cape,,,,,,,,Size,M,,,BAT-CAPE-M,,shopify,deny,manual,12.99,15.49,TRUE,TRUE,,,,,4.30,draft
bat-cape,,,,,,,,Size,L,,,BAT-CAPE-L,,shopify,deny,manual,12.99,15.49,TRUE,TRUE,,,,,4.30,draft
spider-costume,Spider Costume,"<p>Eight furry legs on a soft felt body that fastens under the chest. The costume that gets the most double-takes at the door.</p><ul><li>Eight plush spider legs on bendable wire cores — pose them, and keep them away from chewers</li><li>3mm felt body</li><li>Velcro fastening</li><li>Made for cats and small–medium dogs</li><li>NONOR brand</li></ul><p><b>Fit:</b> Two sizes, velcro fastening. Measure the neck and chest.</p><p><b>In the box:</b> 1 × spider costume</p><p><b>Care:</b> Spot clean. Do not machine wash.</p>",Catwalk Club,Animals & Pet Supplies > Pet Supplies > Cat Supplies > Cat Apparel,Costume,"Halloween,single,cats,small dogs,Halloween",TRUE,Size,S,,,SPIDER-COSTUME-S,,shopify,deny,manual,12.99,15.49,TRUE,TRUE,,,Spider Costume — Spider costume for cats & small dogs,Spider costume for cats & small dogs. Eight furry legs on a soft felt body that fastens under the chest. The costume that gets the most double-takes at the door.,4.67,draft
spider-costume,,,,,,,,Size,M,,,SPIDER-COSTUME-M,,shopify,deny,manual,12.99,15.49,TRUE,TRUE,,,,,4.67,draft
pumpkin-set,Pumpkin Hat & Ruffle Collar,"<p>A witch-style pumpkin hat on a chin strap, with a matching orange tulle ruffle collar. The most-searched cat costume there is, as a two-piece set.</p><ul><li>Two-piece set — pumpkin hat and tulle ruffle collar</li><li>Hat approx. 15cm wide × 12cm tall, with adjustable chin strap</li><li>Ruffle collar fits neck 25–40cm; ruffle approx. 10cm deep</li><li>Ears stay free</li><li>Made for cats and small dogs</li></ul><p><b>Fit:</b> One size. Hat on an adjustable chin strap; collar fits necks 25–40cm.</p><p><b>In the box:</b> 1 × pumpkin hat; 1 × ruffle collar</p><p><b>Care:</b> Spot clean the hat. Hand wash the collar cold; do not wring.</p>",Catwalk Club,Animals & Pet Supplies > Pet Supplies > Cat Supplies > Cat Apparel,Collar,"Halloween,single,cats,small dogs,Halloween",TRUE,Title,Default Title,,,PUMPKIN-SET,,shopify,deny,manual,11.99,14.49,TRUE,TRUE,,,Pumpkin Hat & Ruffle Collar — Pumpkin hat & ruffle collar set for cats & small dogs,"Pumpkin hat & ruffle collar set for cats & small dogs. A witch-style pumpkin hat on a chin strap, with a matching orange tulle ruffle collar. The most-searched cat costume there is, as a two-piece set.",6.14,draft
santa-set,Santa Hat & Scarf Set,"<p>A proper cat-sized Santa hat with a matching scarf — soft polycotton, white trim, and velcro so it goes on in seconds.</p><ul><li>Two-piece set — Santa hat and scarf</li><li>Soft polycotton fabric with plush white trim</li><li>Adjustable velcro fastening on hat and scarf</li><li>Made for cats and small dogs</li><li>Photographed on cats — sized for a cat&#x27;s head</li></ul><p><b>Fit:</b> Adjustable velcro on both pieces. One size; the scarf fits most cats, the hat runs large.</p><p><b>In the box:</b> 1 × Santa hat; 1 × scarf</p><p><b>Care:</b> Hand wash cold. Reshape and air dry. Do not tumble dry.</p>",Catwalk Club,Animals & Pet Supplies > Pet Supplies > Cat Supplies > Cat Apparel,Costume,"Christmas,single,cats,small dogs,Christmas",TRUE,Title,Default Title,,,SANTA-SET,,shopify,deny,manual,17.99,21.49,TRUE,TRUE,,,Santa Hat & Scarf Set — Santa hat & scarf set for cats & small dogs,"Santa hat & scarf set for cats & small dogs. A proper cat-sized Santa hat with a matching scarf — soft polycotton, white trim, and velcro so it goes on in seconds.",10.17,draft
halloween-pair,Halloween Pair,<p>Devil Bat Cape and Spider Costume together — two looks for the one night that matters.</p><ul><li>Devil Bat Cape (£12.99)</li><li>Spider Costume (£12.99)</li><li>Ships as one parcel</li></ul><p><b>Fit:</b> Pick one size for both. S suits most cats.</p><p><b>In the box:</b> 1 × Devil Bat Cape with hood; 1 × Spider Costume</p><p><b>Care:</b> See each product.</p>,Catwalk Club,Animals & Pet Supplies > Pet Supplies > Cat Supplies > Cat Apparel,Bundle,"Bundles,bundle,cats,small dogs,Save £1.99",TRUE,Size,S,,,HALLOWEEN-PAIR-S,,shopify,deny,manual,23.99,28.99,TRUE,TRUE,,,Halloween Pair — Two Halloween costumes for cats & small dogs,Two Halloween costumes for cats & small dogs. Devil Bat Cape and Spider Costume together — two looks for the one night that matters.,,draft
halloween-pair,,,,,,,,Size,M,,,HALLOWEEN-PAIR-M,,shopify,deny,manual,23.99,28.99,TRUE,TRUE,,,,,,draft
pumpkin-patch,Pumpkin Patch,<p>The #1 searched cat costume plus the bestselling collar.</p><ul><li>Pumpkin Hat &amp; Ruffle Collar (£11.99)</li><li>Bow Tie Collar (£8.99)</li><li>Ships as one parcel</li></ul><p><b>Fit:</b> Both one size / adjustable.</p><p><b>In the box:</b> 1 × Pumpkin Hat &amp; Ruffle Collar; 1 × Bow Tie Collar</p><p><b>Care:</b> See each product.</p>,Catwalk Club,Animals & Pet Supplies > Pet Supplies > Cat Supplies > Cat Apparel,Bundle,"Bundles,bundle,cats,small dogs,Save £1.99",TRUE,Title,Default Title,,,PUMPKIN-PATCH,,shopify,deny,manual,18.99,23.49,TRUE,TRUE,,,Pumpkin Patch — Pumpkin set + breakaway bow tie collar for cats & small dogs,Pumpkin set + breakaway bow tie collar for cats & small dogs. The #1 searched cat costume plus the bestselling collar.,,draft
first-costume-kit,First Costume Kit,<p>The easiest place to start: a bow tie collar and a bandana collar — nothing goes over the head.</p><ul><li>Bow Tie Collar (£8.99)</li><li>Bandana Collar (£7.99)</li><li>Ships as one parcel</li></ul><p><b>Fit:</b> Bow tie adjusts; pick the bandana size. S suits most cats.</p><p><b>In the box:</b> 1 × Bow Tie Collar; 1 × Bandana Collar</p><p><b>Care:</b> See each product.</p>,Catwalk Club,Animals & Pet Supplies > Pet Supplies > Cat Supplies > Cat Apparel,Bundle,"Bundles,bundle,cats,small dogs,Save £1.99",TRUE,Size,S,,,FIRST-COSTUME-KIT-S,,shopify,deny,manual,14.99,18.49,TRUE,TRUE,,,First Costume Kit — Breakaway bow tie + bandana collar for cats & small dogs,Breakaway bow tie + bandana collar for cats & small dogs. The easiest place to start: a bow tie collar and a bandana collar — nothing goes over the head.,,draft
first-costume-kit,,,,,,,,Size,M,,,FIRST-COSTUME-KIT-M,,shopify,deny,manual,14.99,18.49,TRUE,TRUE,,,,,,draft
first-costume-kit,,,,,,,,Size,L,,,FIRST-COSTUME-KIT-L,,shopify,deny,manual,14.99,18.49,TRUE,TRUE,,,,,,draft
festive-pair,Festive Pair,"<p>Santa hat and scarf with a plaid bow tie collar — the Christmas card, sorted.</p><ul><li>Santa Hat &amp; Scarf Set (£17.99)</li><li>Bow Tie Collar (£8.99)</li><li>Ships as one parcel</li></ul><p><b>Fit:</b> Both adjustable. No sizing needed.</p><p><b>In the box:</b> 1 × Santa Hat &amp; Scarf Set; 1 × Bow Tie Collar</p><p><b>Care:</b> See each product.</p>",Catwalk Club,Animals & Pet Supplies > Pet Supplies > Cat Supplies > Cat Apparel,Bundle,"Bundles,bundle,cats,small dogs,Save £1.99",TRUE,Title,Default Title,,,FESTIVE-PAIR,,shopify,deny,manual,24.99,30.49,TRUE,TRUE,,,Festive Pair — Santa set + breakaway bow tie collar for cats & small dogs,"Santa set + breakaway bow tie collar for cats & small dogs. Santa hat and scarf with a plaid bow tie collar — the Christmas card, sorted.",,draft
halloween-trio,Halloween Trio,"<p>Bat cape, spider costume and the bestselling bow tie collar: two Halloween looks and one for every other day. Clears free delivery on its own.</p><ul><li>Devil Bat Cape</li><li>Spider Costume</li><li>Bow Tie Collar (red tartan, with bell)</li><li>Ships as one parcel</li></ul><p><b>Fit:</b> Pick one size for the cape and the spider. The bow tie collar adjusts.</p><p><b>In the box:</b> 1 × Devil Bat Cape with hood; 1 × Spider Costume; 1 × Bow Tie Collar</p><p><b>Care:</b> See each product.</p>",Catwalk Club,Animals & Pet Supplies > Pet Supplies > Cat Supplies > Cat Apparel,Bundle,"Bundles,bundle,cats,small dogs,Free delivery",TRUE,Size,S,,,HALLOWEEN-TRIO-S,,shopify,deny,manual,31.99,34.99,TRUE,TRUE,,,"Halloween Trio — Bat cape, spider costume + breakaway bow tie collar for cats & small dogs","Bat cape, spider costume + breakaway bow tie collar for cats & small dogs. Bat cape, spider costume and the bestselling bow tie collar: two Halloween looks and one for every other day. Clears free delivery on its own.",,draft
halloween-trio,,,,,,,,Size,M,,,HALLOWEEN-TRIO-M,,shopify,deny,manual,31.99,34.99,TRUE,TRUE,,,,,,draft
festive-trio,Festive Trio,"<p>Santa hat and scarf for the card, a bow tie collar for the day and a bandana collar for the rest of the year. Free delivery on its own.</p><ul><li>Santa Hat &amp; Scarf Set</li><li>Bow Tie Collar (red tartan, with bell)</li><li>Bandana Collar</li><li>Ships as one parcel</li></ul><p><b>Fit:</b> Pick the bandana size. The Santa set and the bow tie collar adjust.</p><p><b>In the box:</b> 1 × Santa Hat &amp; Scarf Set; 1 × Bow Tie Collar; 1 × Bandana Collar</p><p><b>Care:</b> See each product.</p>",Catwalk Club,Animals & Pet Supplies > Pet Supplies > Cat Supplies > Cat Apparel,Bundle,"Bundles,bundle,cats,small dogs,Free delivery",TRUE,Size,S,,,FESTIVE-TRIO-S,,shopify,deny,manual,32.99,36.99,TRUE,TRUE,,,"Festive Trio — Santa set, breakaway bow tie + bandana collar for cats & small dogs","Santa set, breakaway bow tie + bandana collar for cats & small dogs. Santa hat and scarf for the card, a bow tie collar for the day and a bandana collar for the rest of the year. Free delivery on its own.",,draft
festive-trio,,,,,,,,Size,M,,,FESTIVE-TRIO-M,,shopify,deny,manual,32.99,36.99,TRUE,TRUE,,,,,,draft
festive-trio,,,,,,,,Size,L,,,FESTIVE-TRIO-L,,shopify,deny,manual,32.99,36.99,TRUE,TRUE,,,,,,draft
bow-tie-trio,One for Every Season,"<p>Three bow tie collars, one in each tartan: red, blue and green. Swap with the season, or the mood.</p><ul><li>3 × Bow Tie Collar with bell — red tartan, blue tartan, green tartan</li><li>Ships as one parcel</li></ul><p><b>Fit:</b> All three adjust. Nothing to size.</p><p><b>In the box:</b> 3 × Bow Tie Collar (one per colour)</p><p><b>Care:</b> Spot clean. Wipe the buckle; do not machine wash.</p>",Catwalk Club,Animals & Pet Supplies > Pet Supplies > Cat Supplies > Cat Apparel,Bundle,"Bundles,bundle,cats,small dogs,Three colours",TRUE,Title,Default Title,,,BOW-TIE-TRIO,,shopify,deny,manual,24.99,27.99,TRUE,TRUE,,,One for Every Season — Three breakaway bow tie collars for cats & small dogs,"Three breakaway bow tie collars for cats & small dogs. Three bow tie collars, one in each tartan: red, blue and green. Swap with the season, or the mood.",,draft
two-cats,Two Cats,"<p>Two matching bow tie collars for a two-cat household, or a cat and a small dog who have to be in the same photo.</p><ul><li>2 × Bow Tie Collar with bell, red tartan</li><li>Ships as one parcel</li></ul><p><b>Fit:</b> Both adjust. Nothing to size.</p><p><b>In the box:</b> 2 × Bow Tie Collar</p><p><b>Care:</b> Spot clean. Wipe the buckle; do not machine wash.</p>",Catwalk Club,Animals & Pet Supplies > Pet Supplies > Cat Supplies > Cat Apparel,Bundle,"Bundles,bundle,cats,small dogs,Matching pair",TRUE,Title,Default Title,,,TWO-CATS,,shopify,deny,manual,15.99,19.99,TRUE,TRUE,,,Two Cats — Two breakaway bow tie collars for cats & small dogs,"Two breakaway bow tie collars for cats & small dogs. Two matching bow tie collars for a two-cat household, or a cat and a small dog who have to be in the same photo.",,draft
